,sd,mean,median,n_values
palma,5.600321068547541,-24.382349723418105,-25.356034302660486,561
pure,5.675689957106497,-30.045060273690588,-30.681033781284782,536
